TimeStamp,Value,Label
2018-05-10 00:00:00,0.0258214623,0
2018-05-10 01:00:00,0.0275232363,0
2018-05-10 02:00:00,0.025526566400000002,0
2018-05-10 03:00:00,0.02281905,0
2018-05-10 04:00:00,0.026114013,0
2018-05-10 05:00:00,0.029128292599999998,0
2018-05-10 06:00:00,0.02662556,0
2018-05-10 07:00:00,0.02698256,0
2018-05-10 08:00:00,0.0306553915,0
2018-05-10 09:00:00,0.0247616842,0
2018-05-10 10:00:00,0.0333147533,0
2018-05-10 11:00:00,0.03692392,0
2018-05-10 12:00:00,0.0413654633,0
2018-05-10 13:00:00,0.04079059,0
2018-05-10 14:00:00,0.045307196699999996,0
2018-05-10 15:00:00,0.042092457400000005,0
2018-05-10 16:00:00,0.0359415822,0
2018-05-10 17:00:00,0.0392773673,0
2018-05-10 18:00:00,0.041343074300000004,0
2018-05-10 19:00:00,0.0407052077,0
2018-05-10 20:00:00,0.04038389,0
2018-05-10 21:00:00,0.038260217799999996,0
2018-05-10 22:00:00,0.0337081552,0
2018-05-10 23:00:00,0.0291904211,0
2018-05-11 00:00:00,0.0253109038,0
2018-05-11 01:00:00,0.0264436044,0
2018-05-11 02:00:00,0.0281675868,1
2018-05-11 03:00:00,0.0577549674,1
2018-05-11 04:00:00,0.1307217,1
2018-05-11 05:00:00,0.09879671,1
2018-05-11 06:00:00,0.04633323,1
2018-05-11 07:00:00,0.025484565600000002,1
2018-05-11 08:00:00,0.03311258,0
2018-05-11 09:00:00,0.0292726569,0
2018-05-11 10:00:00,0.0307272319,0
2018-05-11 11:00:00,0.03733954,0
2018-05-11 12:00:00,0.0410513245,0
2018-05-11 13:00:00,0.0422156,0
2018-05-11 14:00:00,0.04217325,0
2018-05-11 15:00:00,0.0341582373,0
2018-05-11 16:00:00,0.03804526,0
2018-05-11 17:00:00,0.04033766,0
2018-05-11 18:00:00,0.0401326157,0
2018-05-11 19:00:00,0.04170517,0
2018-05-11 20:00:00,0.0428230278,0
2018-05-11 21:00:00,0.0382074527,0
2018-05-11 22:00:00,0.0303924363,0
2018-05-11 23:00:00,0.027326677,0
2018-05-12 00:00:00,0.02734028,0
2018-05-12 01:00:00,0.027211887799999997,0
2018-05-12 02:00:00,0.0328593627,0
2018-05-12 03:00:00,0.0270181764,0
2018-05-12 04:00:00,0.03173077,0
2018-05-12 05:00:00,0.0220043566,0
2018-05-12 06:00:00,0.0275,0
2018-05-12 07:00:00,0.0231362469,0
2018-05-12 08:00:00,0.0232843142,0
2018-05-12 09:00:00,0.0293933712,0
2018-05-12 10:00:00,0.029689014,0
2018-05-12 11:00:00,0.0313069634,0
2018-05-12 12:00:00,0.0259736553,0
2018-05-12 13:00:00,0.0302583035,0
2018-05-12 14:00:00,0.0314746723,0
2018-05-12 15:00:00,0.026851652200000003,0
2018-05-12 16:00:00,0.028138781,0
2018-05-12 17:00:00,0.0245065726,0
2018-05-12 18:00:00,0.0286756232,0
2018-05-12 19:00:00,0.030887555299999998,0
2018-05-12 20:00:00,0.02578764,0
2018-05-12 21:00:00,0.02663725,0
2018-05-12 22:00:00,0.0375980027,0
2018-05-12 23:00:00,0.0283725914,0
2018-05-13 00:00:00,0.026130700000000003,0
2018-05-13 01:00:00,0.02737216,0
2018-05-13 02:00:00,0.02550043,0
2018-05-13 03:00:00,0.028679454700000002,0
2018-05-13 04:00:00,0.027370749,0
2018-05-13 05:00:00,0.02217438,0
2018-05-13 06:00:00,0.0176143385,0
2018-05-13 07:00:00,0.017969451799999998,0
2018-05-13 08:00:00,0.0232246537,0
2018-05-13 09:00:00,0.0248193536,0
2018-05-13 10:00:00,0.0347372219,0
2018-05-13 11:00:00,0.0450793654,0
2018-05-13 12:00:00,0.0406095,0
2018-05-13 13:00:00,0.0410549045,0
2018-05-13 14:00:00,0.03661942,0
2018-05-13 15:00:00,0.0323451757,0
2018-05-13 16:00:00,0.0311066415,0
2018-05-13 17:00:00,0.0504925363,0
2018-05-13 18:00:00,0.0380283259,0
2018-05-13 19:00:00,0.0252354983,0
2018-05-13 20:00:00,0.0330656134,0
2018-05-13 21:00:00,0.03798608,0
2018-05-13 22:00:00,0.0338575542,0
2018-05-13 23:00:00,0.0299570877,0
2018-05-14 00:00:00,0.0317844264,0
2018-05-14 01:00:00,0.0316778645,0
2018-05-14 02:00:00,0.0294076856,0
2018-05-14 03:00:00,0.0333183259,0
2018-05-14 04:00:00,0.02541806,0
2018-05-14 05:00:00,0.026946993500000002,0
2018-05-14 06:00:00,0.021951219100000002,0
2018-05-14 07:00:00,0.0270388145,0
2018-05-14 08:00:00,0.03240262,0
2018-05-14 09:00:00,0.0353296,0
2018-05-14 10:00:00,0.035155482599999996,0
2018-05-14 11:00:00,0.0357326977,0
2018-05-14 12:00:00,0.041364885899999995,0
2018-05-14 13:00:00,0.04276192559999999,0
2018-05-14 14:00:00,0.0414428227,0
2018-05-14 15:00:00,0.0398443229,0
2018-05-14 16:00:00,0.041670706099999996,0
2018-05-14 17:00:00,0.04166474,0
2018-05-14 18:00:00,0.0408465154,0
2018-05-14 19:00:00,0.0433572643,0
2018-05-14 20:00:00,0.0494888946,0
2018-05-14 21:00:00,0.04901466,0
2018-05-14 22:00:00,0.04841578,0
2018-05-14 23:00:00,0.032791346299999996,0
2018-05-15 00:00:00,0.027538953300000002,0
2018-05-15 01:00:00,0.028857886800000003,0
2018-05-15 02:00:00,0.031050721200000003,0
2018-05-15 03:00:00,0.03578609,0
2018-05-15 04:00:00,0.02749282,0
2018-05-15 05:00:00,0.0220513865,0
2018-05-15 06:00:00,0.0248560179,0
2018-05-15 07:00:00,0.0246398784,0
2018-05-15 08:00:00,0.0295202956,0
2018-05-15 09:00:00,0.032932166,0
2018-05-15 10:00:00,0.0319757946,0
2018-05-15 11:00:00,0.0340840928,0
2018-05-15 12:00:00,0.0398065336,0
2018-05-15 13:00:00,0.040637485699999996,0
2018-05-15 14:00:00,0.041411303,0
2018-05-15 15:00:00,0.0334586538,0
2018-05-15 16:00:00,0.0349087864,0
2018-05-15 17:00:00,0.0357704759,0
2018-05-15 18:00:00,0.0390676,0
2018-05-15 19:00:00,0.0406457856,0
2018-05-15 20:00:00,0.03862859,0
2018-05-15 21:00:00,0.0369407833,0
2018-05-15 22:00:00,0.0304346848,0
2018-05-15 23:00:00,0.03398337,0
2018-05-16 00:00:00,0.026860509100000002,0
2018-05-16 01:00:00,0.026686534300000002,0
2018-05-16 02:00:00,0.0257087946,0
2018-05-16 03:00:00,0.0246571116,0
2018-05-16 04:00:00,0.0268411115,0
2018-05-16 05:00:00,0.0216778666,0
2018-05-16 05:00:00,0.0216778666,0
2018-05-16 06:00:00,0.0194564555,0
2018-05-16 07:00:00,0.0286266916,0
2018-05-16 08:00:00,0.03086257,0
2018-05-16 09:00:00,0.0293884929,0
2018-05-16 10:00:00,0.02857762,0
2018-05-16 11:00:00,0.0311709847,0
2018-05-16 12:00:00,0.0361862071,0
2018-05-16 13:00:00,0.03954669,0
2018-05-16 14:00:00,0.038984362,0
2018-05-16 15:00:00,0.0339031443,0
2018-05-16 16:00:00,0.037913713599999996,0
2018-05-16 17:00:00,0.03815542,0
2018-05-16 18:00:00,0.03849608,0
2018-05-16 19:00:00,0.0361625366,0
2018-05-16 20:00:00,0.0362168364,0
2018-05-16 21:00:00,0.0311525278,0
2018-05-16 22:00:00,0.0290067121,0
2018-05-16 23:00:00,0.0255022217,0
2018-05-17 00:00:00,0.023687327299999998,0
2018-05-17 01:00:00,0.02652288,0
2018-05-17 02:00:00,0.0232709311,0
2018-05-17 03:00:00,0.021995184900000003,0
2018-05-17 04:00:00,0.016260161999999998,0
2018-05-17 05:00:00,0.016091954,0
2018-05-17 06:00:00,0.01934201,0
2018-05-17 07:00:00,0.011854047,0
2018-05-17 08:00:00,0.018116625,0
2018-05-17 09:00:00,0.02483814,0
2018-05-17 10:00:00,0.029046908,0
2018-05-17 11:00:00,0.03067336,0
2018-05-17 12:00:00,0.03442522,0
2018-05-17 13:00:00,0.035872,0
2018-05-17 14:00:00,0.0365447737,0
2018-05-17 15:00:00,0.03390665,0
2018-05-17 16:00:00,0.0337425023,0
2018-05-17 17:00:00,0.0330297127,0
2018-05-17 18:00:00,0.033904377400000005,0
2018-05-17 19:00:00,0.0354711376,0
2018-05-17 20:00:00,0.03334106,0
2018-05-17 21:00:00,0.03144881,0
2018-05-17 22:00:00,0.0328741148,0
2018-05-17 23:00:00,0.0315297768,0
2018-05-18 00:00:00,0.0284050182,0
2018-05-18 01:00:00,0.0321249738,0
2018-05-18 02:00:00,0.0304827653,0
2018-05-18 03:00:00,0.026331905299999996,0
2018-05-18 04:00:00,0.0262826961,0
2018-05-18 05:00:00,0.0281269979,0
2018-05-18 06:00:00,0.029020555299999997,0
2018-05-18 07:00:00,0.0322580636,0
2018-05-18 08:00:00,0.028854562,0
2018-05-18 09:00:00,0.0351752676,0
2018-05-18 10:00:00,0.0304511171,0
2018-05-18 11:00:00,0.031129932000000003,0
2018-05-18 12:00:00,0.03717982,0
2018-05-18 13:00:00,0.0410497971,0
2018-05-18 14:00:00,0.03882538,0
2018-05-18 15:00:00,0.0347293019,0
2018-05-18 16:00:00,0.0374595374,0
2018-05-18 17:00:00,0.0370741375,0
2018-05-18 18:00:00,0.0346930139,0
2018-05-18 19:00:00,0.038102757200000004,0
2018-05-18 20:00:00,0.0356855653,0
2018-05-18 21:00:00,0.032344143799999996,0
2018-05-18 22:00:00,0.028844513,0
2018-05-18 23:00:00,0.024154434,0
2018-05-19 00:00:00,0.027698811099999998,0
2018-05-19 01:00:00,0.0217186827,0
2018-05-19 02:00:00,0.028750211,0
2018-05-19 03:00:00,0.025216965,0
2018-05-19 04:00:00,0.03022942,0
2018-05-19 05:00:00,0.021109271800000003,0
2018-05-19 06:00:00,0.023148147400000003,0
2018-05-19 07:00:00,0.02236171,0
2018-05-19 08:00:00,0.0211939253,0
2018-05-19 09:00:00,0.02580381,0
2018-05-19 10:00:00,0.028938906299999997,0
2018-05-19 11:00:00,0.0261968877,0
2018-05-19 12:00:00,0.0243415255,0
2018-05-19 13:00:00,0.02669881,0
2018-05-19 14:00:00,0.026333983999999998,0
2018-05-19 15:00:00,0.02480559,0
2018-05-19 16:00:00,0.0231843777,0
2018-05-19 17:00:00,0.02503682,0
2018-05-19 18:00:00,0.024279967000000003,0
2018-05-19 19:00:00,0.02464104,0
2018-05-19 20:00:00,0.026489811000000002,0
2018-05-19 21:00:00,0.0243128147,0
2018-05-19 22:00:00,0.0291661583,0
2018-05-19 23:00:00,0.0256908275,0
2018-05-20 00:00:00,0.0254727732,0
2018-05-20 01:00:00,0.0237698313,0
2018-05-20 02:00:00,0.025087351,0
2018-05-20 03:00:00,0.0258172359,0
2018-05-20 04:00:00,0.0298293419,0
2018-05-20 05:00:00,0.02545707,0
2018-05-20 06:00:00,0.020055538,0
2018-05-20 07:00:00,0.0214318279,0
2018-05-20 08:00:00,0.0159786958,0
2018-05-20 09:00:00,0.0283522345,0
2018-05-20 10:00:00,0.0262974575,0
2018-05-20 11:00:00,0.025381758799999998,0
2018-05-20 12:00:00,0.0280825235,0
2018-05-20 13:00:00,0.031315032400000005,0
2018-05-20 14:00:00,0.029437726400000003,0
2018-05-20 15:00:00,0.026738926800000003,0
2018-05-20 16:00:00,0.020804561699999998,0
2018-05-20 17:00:00,0.02170389,0
2018-05-20 18:00:00,0.02398595,0
2018-05-20 19:00:00,0.02657045,0
2018-05-20 20:00:00,0.0255819689,0
2018-05-20 21:00:00,0.026486281299999997,0
2018-05-20 22:00:00,0.0244029276,0
2018-05-20 23:00:00,0.0249379463,0
2018-05-21 00:00:00,0.0229306724,0
2018-05-21 01:00:00,0.0240589436,0
2018-05-21 02:00:00,0.0249982923,0
2018-05-21 03:00:00,0.022376300000000002,0
2018-05-21 04:00:00,0.0362512544,0
2018-05-21 05:00:00,0.02830998,0
2018-05-21 06:00:00,0.0171942171,0
2018-05-21 07:00:00,0.025904202799999998,0
2018-05-21 08:00:00,0.0216337182,0
2018-05-21 09:00:00,0.0283117276,0
2018-05-21 10:00:00,0.0291184951,0
2018-05-21 11:00:00,0.030446237,0
2018-05-21 12:00:00,0.03043503,0
2018-05-21 13:00:00,0.0346087962,0
2018-05-21 14:00:00,0.0365240835,0
2018-05-21 15:00:00,0.032123263900000004,0
2018-05-21 16:00:00,0.0327418968,0
2018-05-21 16:00:00,0.0327418968,0
2018-05-21 17:00:00,0.03460662,0
2018-05-21 18:00:00,0.03553957,0
2018-05-21 19:00:00,0.0361894667,0
2018-05-21 20:00:00,0.0334146172,0
2018-05-21 21:00:00,0.03197445,0
2018-05-21 22:00:00,0.027184698700000003,0
2018-05-21 23:00:00,0.02610966,0
2018-05-22 00:00:00,0.025096688399999997,0
2018-05-22 01:00:00,0.0292200968,0
2018-05-22 02:00:00,0.0247733165,0
2018-05-22 03:00:00,0.024762522400000004,0
2018-05-22 04:00:00,0.0194708686,0
2018-05-22 05:00:00,0.02905028,0
2018-05-22 06:00:00,0.0278103054,0
2018-05-22 07:00:00,0.0194579568,0
2018-05-22 07:00:00,0.0194579568,0
2018-05-22 08:00:00,0.0223382656,0
2018-05-22 09:00:00,0.0201578625,0
2018-05-22 10:00:00,0.023155035499999997,0
2018-05-22 11:00:00,0.025676937799999997,0
2018-05-22 12:00:00,0.0334418379,0
2018-05-22 13:00:00,0.03869279,0
2018-05-22 14:00:00,0.0344271325,0
2018-05-22 15:00:00,0.0277757142,0
2018-05-22 16:00:00,0.029958589,0
2018-05-22 17:00:00,0.0313161053,0
2018-05-22 18:00:00,0.033639214900000006,0
2018-05-22 19:00:00,0.03122911,0
2018-05-22 20:00:00,0.03155749,0
2018-05-22 21:00:00,0.026508422599999998,0
2018-05-22 22:00:00,0.0226563439,0
2018-05-22 23:00:00,0.0240066219,0
2018-05-23 00:00:00,0.0230022687,0
2018-05-23 01:00:00,0.02151358,0
2018-05-23 02:00:00,0.022236757000000003,0
2018-05-23 03:00:00,0.0206811577,0
2018-05-23 04:00:00,0.018249176399999997,0
2018-05-23 05:00:00,0.0119735757,0
2018-05-23 06:00:00,0.01533272,0
2018-05-23 07:00:00,0.0173053145,0
2018-05-23 08:00:00,0.0191211011,0
2018-05-23 09:00:00,0.022234497599999997,0
2018-05-23 10:00:00,0.023850323599999997,0
2018-05-23 11:00:00,0.024398386499999997,0
2018-05-23 12:00:00,0.027944576000000002,0
2018-05-23 13:00:00,0.0275499765,0
2018-05-23 14:00:00,0.03118855,0
2018-05-23 15:00:00,0.025924878199999998,0
2018-05-23 16:00:00,0.028260394900000003,0
2018-05-23 17:00:00,0.0306292884,0
2018-05-23 18:00:00,0.0316214748,0
2018-05-23 19:00:00,0.03375692,0
2018-05-23 20:00:00,0.03427446,0
2018-05-23 21:00:00,0.02964105,0
2018-05-23 22:00:00,0.0257536788,0
2018-05-23 23:00:00,0.0268708467,0
2018-05-24 00:00:00,0.02708534,0
2018-05-24 01:00:00,0.02721375,0
2018-05-24 02:00:00,0.0271472037,0
2018-05-24 03:00:00,0.0212565847,0
2018-05-24 04:00:00,0.0232053418,0
2018-05-24 05:00:00,0.0162202,0
2018-05-24 06:00:00,0.0203468986,0
2018-05-24 07:00:00,0.0150774242,0
2018-05-24 08:00:00,0.02540014,0
2018-05-24 09:00:00,0.023322776,0
2018-05-24 10:00:00,0.025199327599999998,0
2018-05-24 11:00:00,0.024010434700000003,0
2018-05-24 12:00:00,0.0261665471,0
2018-05-24 13:00:00,0.028684577000000003,0
2018-05-24 14:00:00,0.03058385,0
2018-05-24 15:00:00,0.027770197000000003,0
2018-05-24 16:00:00,0.030819868700000003,0
2018-05-24 17:00:00,0.027837287599999996,0
2018-05-24 18:00:00,0.0324213058,0
2018-05-24 19:00:00,0.03011463,0
2018-05-24 20:00:00,0.0311337318,0
2018-05-24 20:00:00,0.0311337318,0
2018-05-24 21:00:00,0.0274744965,0
2018-05-24 22:00:00,0.0235436168,0
2018-05-24 23:00:00,0.026114363199999997,0
2018-05-25 00:00:00,0.0214464031,0
2018-05-25 01:00:00,0.0217093229,0
2018-05-25 02:00:00,0.023151414500000002,0
2018-05-25 03:00:00,0.02992278,0
2018-05-25 04:00:00,0.02709848,0
2018-05-25 05:00:00,0.0153886974,0
2018-05-25 06:00:00,0.01713886,0
2018-05-25 07:00:00,0.0149315633,0
2018-05-25 08:00:00,0.016584333,0
2018-05-25 09:00:00,0.0136518767,0
2018-05-25 10:00:00,0.0188774522,0
2018-05-25 11:00:00,0.0175919086,0
2018-05-25 12:00:00,0.017175626,0
2018-05-25 13:00:00,0.02003339,0
2018-05-25 14:00:00,0.0190268159,0
2018-05-25 15:00:00,0.0186160374,0
2018-05-25 16:00:00,0.0222740229,0
2018-05-25 17:00:00,0.0232231542,0
2018-05-25 18:00:00,0.0254505984,0
2018-05-25 19:00:00,0.027697539,0
2018-05-25 20:00:00,0.0259464215,0
2018-05-25 21:00:00,0.029790343700000003,0
2018-05-25 22:00:00,0.024424187799999997,0
2018-05-25 23:00:00,0.0249979068,0
2018-05-26 00:00:00,0.0236920044,0
2018-05-26 01:00:00,0.025243988300000002,0
2018-05-26 02:00:00,0.0294208489,0
2018-05-26 03:00:00,0.0238440111,0
2018-05-26 04:00:00,0.0201733913,0
2018-05-26 05:00:00,0.02424569,0
2018-05-26 06:00:00,0.0237995833,0
2018-05-26 07:00:00,0.0179395173,0
2018-05-26 08:00:00,0.0263788961,0
2018-05-26 09:00:00,0.028872847599999998,0
2018-05-26 10:00:00,0.0229037274,0
2018-05-26 11:00:00,0.028424767799999997,0
2018-05-26 12:00:00,0.025840597200000003,0
2018-05-26 13:00:00,0.024251461000000002,0
2018-05-26 14:00:00,0.0286336634,0
2018-05-26 15:00:00,0.030137224100000002,0
2018-05-26 16:00:00,0.0278798155,0
2018-05-26 17:00:00,0.02585579,0
2018-05-26 18:00:00,0.0265633911,0
2018-05-26 19:00:00,0.0273007713,0
2018-05-26 20:00:00,0.03366527,0
2018-05-26 21:00:00,0.0274157971,0
2018-05-26 22:00:00,0.02214158,0
2018-05-26 23:00:00,0.024927984900000002,0
2018-05-27 00:00:00,0.0291233975,0
2018-05-27 01:00:00,0.0238620415,0
2018-05-27 02:00:00,0.0228749886,0
2018-05-27 03:00:00,0.024840394,0
2018-05-27 04:00:00,0.02146235,0
2018-05-27 05:00:00,0.020096235,0
2018-05-27 06:00:00,0.023265305899999998,0
2018-05-27 07:00:00,0.0200542,0
2018-05-27 08:00:00,0.027262181,0
2018-05-27 09:00:00,0.024318348599999998,0
2018-05-27 10:00:00,0.02476441,0
2018-05-27 11:00:00,0.0276265647,0
2018-05-27 12:00:00,0.02766484,0
2018-05-27 13:00:00,0.026671973999999998,0
2018-05-27 14:00:00,0.0260285474,0
2018-05-27 14:00:00,0.0260285474,0
2018-05-27 15:00:00,0.0240608081,0
2018-05-27 16:00:00,0.024313595099999998,0
2018-05-27 17:00:00,0.0242912751,0
2018-05-27 18:00:00,0.023209851200000003,0
2018-05-27 19:00:00,0.0241584964,0
2018-05-27 20:00:00,0.0264486168,0
2018-05-27 21:00:00,0.0269536823,0
2018-05-27 22:00:00,0.030745944,0
2018-05-27 23:00:00,0.02464441,0
2018-05-28 00:00:00,0.02572109,0
2018-05-28 01:00:00,0.023800551899999998,0
2018-05-28 02:00:00,0.0227352846,0
2018-05-28 03:00:00,0.0256016385,0
2018-05-28 04:00:00,0.027333334100000002,0
2018-05-28 05:00:00,0.025668835299999998,0
2018-05-28 06:00:00,0.0214424953,0
2018-05-28 07:00:00,0.01904762,0
2018-05-28 08:00:00,0.022243713999999998,0
2018-05-28 09:00:00,0.029462406400000002,0
2018-05-28 10:00:00,0.023223428100000002,0
2018-05-28 11:00:00,0.02592726,0
2018-05-28 12:00:00,0.0302931331,0
2018-05-28 13:00:00,0.0327264,0
2018-05-28 14:00:00,0.0332915559,0
2018-05-28 15:00:00,0.030509166400000003,0
2018-05-28 16:00:00,0.0324806534,0
2018-05-28 17:00:00,0.032264214,0
2018-05-28 18:00:00,0.03552788,0
2018-05-28 19:00:00,0.0342793651,0
2018-05-28 20:00:00,0.0329336,0
2018-05-28 21:00:00,0.026939628599999998,0
2018-05-28 22:00:00,0.0228446443,0
2018-05-28 23:00:00,0.0232581962,0
2018-05-29 00:00:00,0.02450417,0
2018-05-29 01:00:00,0.0254588518,0
2018-05-29 02:00:00,0.025253931099999998,0
2018-05-29 03:00:00,0.029562834700000002,0
2018-05-29 04:00:00,0.0357010029,0
2018-05-29 05:00:00,0.0179918744,0
2018-05-29 06:00:00,0.0132139809,0
2018-05-29 07:00:00,0.018802573899999998,0
2018-05-29 08:00:00,0.0181818176,0
2018-05-29 09:00:00,0.015091067199999999,0
2018-05-29 10:00:00,0.0234992262,0
2018-05-29 11:00:00,0.0229536965,0
2018-05-29 12:00:00,0.021035945,0
2018-05-29 13:00:00,0.03093014,0
2018-05-29 14:00:00,0.031082484900000002,0
2018-05-29 15:00:00,0.02875349,0
2018-05-29 16:00:00,0.0306826364,0
2018-05-29 17:00:00,0.029910338999999998,0
2018-05-29 18:00:00,0.029482392599999997,0
2018-05-29 19:00:00,0.03168842,0
2018-05-29 20:00:00,0.027861258,0
2018-05-29 21:00:00,0.028377935299999997,0
2018-05-29 22:00:00,0.0248423461,0
2018-05-29 23:00:00,0.02517026,0
2018-05-30 00:00:00,0.0237361286,0
2018-05-30 01:00:00,0.0266978461,0
2018-05-30 01:00:00,0.0266978461,0
2018-05-30 02:00:00,0.026198171099999997,0
2018-05-30 03:00:00,0.0288849082,0
2018-05-30 04:00:00,0.01972093,0
2018-05-30 05:00:00,0.013865308799999998,0
2018-05-30 06:00:00,0.0250925552,0
2018-05-30 07:00:00,0.0158002041,0
2018-05-30 08:00:00,0.0156830382,0
2018-05-30 09:00:00,0.021134965099999996,0
2018-05-30 10:00:00,0.0193875562,0
2018-05-30 11:00:00,0.023724895,0
2018-05-30 12:00:00,0.025686224900000002,0
2018-05-30 13:00:00,0.025613047200000003,0
2018-05-30 14:00:00,0.0275871865,0
2018-05-30 15:00:00,0.028267784,0
2018-05-30 16:00:00,0.02728844,0
2018-05-30 17:00:00,0.03307133,0
2018-05-30 18:00:00,0.0271035191,0
2018-05-30 19:00:00,0.025859775,0
2018-05-30 20:00:00,0.0243829656,0
2018-05-30 21:00:00,0.0256296266,0
2018-05-30 22:00:00,0.0201326627,0
2018-05-30 23:00:00,0.018831113400000002,0
2018-05-31 00:00:00,0.025363287,0
2018-05-31 01:00:00,0.0264246315,0
2018-05-31 02:00:00,0.0325796269,0
2018-05-31 03:00:00,0.0230591856,0
2018-05-31 04:00:00,0.0130946022,0
2018-05-31 05:00:00,0.0137483785,0
2018-05-31 06:00:00,0.05638665,0
2018-05-31 07:00:00,0.018072288500000002,0
2018-05-31 08:00:00,0.0157515761,0
2018-05-31 09:00:00,0.0155799193,0
2018-05-31 10:00:00,0.019065639,0
2018-05-31 11:00:00,0.0189083666,0
2018-05-31 12:00:00,0.0228145737,0
2018-05-31 13:00:00,0.022209934900000002,0
2018-05-31 14:00:00,0.0225481521,0
2018-05-31 15:00:00,0.0257781427,0
2018-05-31 16:00:00,0.0277583487,0
2018-05-31 17:00:00,0.0210722033,0
2018-05-31 18:00:00,0.022157356099999997,0
2018-05-31 19:00:00,0.0224277861,0
2018-05-31 20:00:00,0.023258958,0
2018-05-31 21:00:00,0.0218213815,0
2018-05-31 22:00:00,0.0197074749,0
2018-05-31 23:00:00,0.018027572,0
2018-06-01 00:00:00,0.0175419245,0
2018-06-01 01:00:00,0.0206278563,0
2018-06-01 02:00:00,0.0190639831,0
2018-06-01 03:00:00,0.0147316735,0
2018-06-01 04:00:00,0.01869806,0
2018-06-01 05:00:00,0.0169962924,0
2018-06-01 06:00:00,0.0162703376,0
2018-06-01 07:00:00,0.029747149,0
2018-06-01 08:00:00,0.021545667200000004,0
2018-06-01 09:00:00,0.01335525,0
2018-06-01 10:00:00,0.01654307,0
2018-06-01 11:00:00,0.01786448,0
2018-06-01 12:00:00,0.019276400000000003,0
2018-06-01 13:00:00,0.0229219478,0
2018-06-01 13:00:00,0.0229219478,0
2018-06-01 14:00:00,0.02239303,0
2018-06-01 15:00:00,0.0201361757,0
2018-06-01 16:00:00,0.0191515367,0
2018-06-01 17:00:00,0.0203411318,0
2018-06-01 18:00:00,0.019163163400000002,0
2018-06-01 19:00:00,0.0206469931,0
2018-06-01 20:00:00,0.0220738966,0
2018-06-01 21:00:00,0.02065115,0
2018-06-01 22:00:00,0.0175554268,0
2018-06-01 23:00:00,0.0177688655,0
2018-06-02 00:00:00,0.01916283,0
2018-06-02 01:00:00,0.015270966100000002,0
2018-06-02 02:00:00,0.016428278799999998,0
2018-06-02 03:00:00,0.019320214199999998,0
2018-06-02 04:00:00,0.0189090911,0
2018-06-02 05:00:00,0.0177165363,0
2018-06-02 06:00:00,0.0178127587,0
2018-06-02 07:00:00,0.0171977747,0
2018-06-02 08:00:00,0.0148337595,0
2018-06-02 09:00:00,0.014775726000000001,0
2018-06-02 10:00:00,0.0192878339,0
2018-06-02 11:00:00,0.0146937659,0
2018-06-02 12:00:00,0.0163648836,0
2018-06-02 13:00:00,0.0189482551,0
2018-06-02 14:00:00,0.0228401627,0
2018-06-02 15:00:00,0.0192515478,0
2018-06-02 16:00:00,0.0164569709,0
2018-06-02 17:00:00,0.013711947,0
2018-06-02 18:00:00,0.0148894805,0
2018-06-02 19:00:00,0.017497668,0
2018-06-02 20:00:00,0.0179203413,0
2018-06-02 21:00:00,0.018322521799999998,0
2018-06-02 22:00:00,0.0187215377,0
2018-06-02 23:00:00,0.0188320335,0
2018-06-03 00:00:00,0.0207289457,0
2018-06-03 01:00:00,0.0277031064,0
2018-06-03 02:00:00,0.0212051421,0
2018-06-03 03:00:00,0.0191951282,0
2018-06-03 04:00:00,0.01704918,0
2018-06-03 05:00:00,0.029284833,0
2018-06-03 06:00:00,0.0134529145,0
2018-06-03 07:00:00,0.0174174178,0
2018-06-03 08:00:00,0.035566095299999996,0
2018-06-03 09:00:00,0.0245614033,0
2018-06-03 10:00:00,0.021195096899999998,0
2018-06-03 11:00:00,0.01832382,0
2018-06-03 12:00:00,0.02082045,0
2018-06-03 13:00:00,0.0224246141,0
2018-06-03 14:00:00,0.02038489,0
2018-06-03 15:00:00,0.01614524,0
2018-06-03 16:00:00,0.0145631069,0
2018-06-03 17:00:00,0.0205318276,0
2018-06-03 18:00:00,0.0156180775,0
2018-06-03 19:00:00,0.0163825545,0
2018-06-03 20:00:00,0.021369622999999997,0
2018-06-03 21:00:00,0.021224284500000003,0
2018-06-03 22:00:00,0.025158884,0
2018-06-03 23:00:00,0.025198517400000002,0
2018-06-04 00:00:00,0.02394015,0
2018-06-04 01:00:00,0.0236445982,0
2018-06-04 02:00:00,0.02731983,0
2018-06-04 03:00:00,0.02041982,0
2018-06-04 04:00:00,0.0171166826,0
2018-06-04 05:00:00,0.007417396999999999,0
2018-06-04 06:00:00,0.011302211299999998,0
2018-06-04 07:00:00,0.008094645,0
2018-06-04 08:00:00,0.0163562018,0
2018-06-04 09:00:00,0.0136682047,0
2018-06-04 10:00:00,0.0158621743,0
2018-06-04 11:00:00,0.0194107126,0
2018-06-04 12:00:00,0.02422855,0
2018-06-04 13:00:00,0.0237031989,0
2018-06-04 14:00:00,0.02641098,0
2018-06-04 15:00:00,0.0232201312,0
2018-06-04 16:00:00,0.027623318100000002,0
2018-06-04 17:00:00,0.024151241400000002,0
2018-06-04 18:00:00,0.0240697954,0
2018-06-04 19:00:00,0.02583485,0
2018-06-04 20:00:00,0.0244960953,0
2018-06-04 21:00:00,0.0263960119,0
2018-06-04 22:00:00,0.0233953949,0
2018-06-04 23:00:00,0.023254234300000003,0
2018-06-05 00:00:00,0.0226368345,0
2018-06-05 01:00:00,0.026507739,1
2018-06-05 02:00:00,0.09602986,1
2018-06-05 03:00:00,0.4315938,1
2018-06-05 04:00:00,0.0108472351,1
2018-06-05 05:00:00,0.00568658533,0
2018-06-05 06:00:00,0.005639344449999999,0
2018-06-05 07:00:00,0.0101946248,0
2018-06-05 08:00:00,0.017337031699999998,0
2018-06-05 09:00:00,0.0198156685,0
2018-06-05 10:00:00,0.0187134072,0
2018-06-05 11:00:00,0.0201697629,0
2018-06-05 12:00:00,0.0214977916,0
2018-06-05 13:00:00,0.0231709145,0
2018-06-05 14:00:00,0.02544228,0
2018-06-05 15:00:00,0.022075979,0
2018-06-05 16:00:00,0.0222528111,0
2018-06-05 17:00:00,0.022442732000000003,0
2018-06-05 18:00:00,0.021956142,0
2018-06-05 19:00:00,0.02170879,0
2018-06-05 20:00:00,0.0226055142,0
2018-06-05 21:00:00,0.020973173900000003,0
2018-06-05 22:00:00,0.02263546,0
2018-06-05 23:00:00,0.0203150455,0
2018-06-06 00:00:00,0.0193653926,0
2018-06-06 01:00:00,0.02176536,0
2018-06-06 02:00:00,0.02638889,0
2018-06-06 03:00:00,0.019934237,0
2018-06-06 04:00:00,0.0118863052,0
2018-06-06 05:00:00,0.0155061437,0
2018-06-06 06:00:00,0.0164406076,0
2018-06-06 07:00:00,0.0107334526,0
2018-06-06 08:00:00,0.011502265900000001,0
2018-06-06 09:00:00,0.014519617,0
2018-06-06 10:00:00,0.0163224638,0
2018-06-06 11:00:00,0.01562085,0
2018-06-06 12:00:00,0.02323814,0
2018-06-06 13:00:00,0.024377563999999997,0
2018-06-06 14:00:00,0.021503712999999997,0
2018-06-06 15:00:00,0.0211857557,0
2018-06-06 16:00:00,0.023264331699999998,0
2018-06-06 17:00:00,0.025776276400000003,0
2018-06-06 18:00:00,0.021419106099999998,0
2018-06-06 19:00:00,0.020960724,0
2018-06-06 20:00:00,0.0214532632,0
2018-06-06 21:00:00,0.0188954957,0
2018-06-06 22:00:00,0.0166844632,0
2018-06-06 23:00:00,0.0186467972,0
2018-06-07 00:00:00,0.018628316000000002,0
2018-06-07 01:00:00,0.025288945099999998,0
2018-06-07 02:00:00,0.0177510791,0
2018-06-07 03:00:00,0.0170267113,0
2018-06-07 04:00:00,0.0196998119,0
2018-06-07 05:00:00,0.021040327799999998,0
2018-06-07 06:00:00,0.0130063174,0
2018-06-07 07:00:00,0.0159598719,0
2018-06-07 08:00:00,0.007990868,0
2018-06-07 09:00:00,0.01342812,0
2018-06-07 10:00:00,0.014143982,0
2018-06-07 11:00:00,0.01673478,0
2018-06-07 12:00:00,0.021441813599999998,0
2018-06-07 13:00:00,0.024101017000000002,0
2018-06-07 14:00:00,0.0232727919,0
2018-06-07 15:00:00,0.021103926000000002,0
2018-06-07 16:00:00,0.0199247655,0
2018-06-07 17:00:00,0.01879221,0
2018-06-07 18:00:00,0.020645104299999998,0
2018-06-07 19:00:00,0.021980844399999998,0
2018-06-07 20:00:00,0.0211626329,0
2018-06-07 21:00:00,0.017226148400000002,0
2018-06-07 22:00:00,0.0205808133,0
2018-06-07 23:00:00,0.0192816183,0
2018-06-08 00:00:00,0.0191370752,0
2018-06-08 01:00:00,0.018067183,0
2018-06-08 02:00:00,0.01638731,0
2018-06-08 03:00:00,0.0248882454,0
2018-06-08 04:00:00,0.0146886017,0
2018-06-08 05:00:00,0.0132468995,0
2018-06-08 06:00:00,0.0124513619,0
2018-06-08 07:00:00,0.01217656,0
2018-06-08 08:00:00,0.0156689435,0
2018-06-08 09:00:00,0.0100161554,0
2018-06-08 10:00:00,0.0156282652,0
2018-06-08 11:00:00,0.0164908841,0
2018-06-08 12:00:00,0.0198758151,0
2018-06-08 13:00:00,0.0231118258,0
2018-06-08 14:00:00,0.02169585,0
2018-06-08 15:00:00,0.0181557182,0
2018-06-08 16:00:00,0.018129378600000003,0
2018-06-08 17:00:00,0.01891726,0
2018-06-08 18:00:00,0.0246917438,0
2018-06-08 19:00:00,0.02173551,0
2018-06-08 20:00:00,0.0209770352,0
2018-06-08 21:00:00,0.0187504,0
2018-06-08 22:00:00,0.017178783200000002,0
2018-06-08 23:00:00,0.01425059,0
2018-06-09 00:00:00,0.0172651932,0
2018-06-09 01:00:00,0.0164251849,0
2018-06-09 02:00:00,0.0146224741,0
2018-06-09 03:00:00,0.0199299753,0
2018-06-09 04:00:00,0.017219387,0
2018-06-09 05:00:00,0.0109068248,0
2018-06-09 06:00:00,0.0111524165,0
2018-06-09 07:00:00,0.008076729,0
2018-06-09 08:00:00,0.013218098300000002,0
2018-06-09 09:00:00,0.009685941,0
2018-06-09 10:00:00,0.0141813494,0
2018-06-09 11:00:00,0.0115500623,0
2018-06-09 12:00:00,0.0136955669,0
2018-06-09 13:00:00,0.024556756000000002,0
2018-06-09 14:00:00,0.016827166100000002,0
2018-06-09 15:00:00,0.012099836999999999,0
2018-06-09 16:00:00,0.0141201392,0
2018-06-09 17:00:00,0.0129816243,0
2018-06-09 18:00:00,0.0135609349,0
2018-06-09 19:00:00,0.014298864599999999,0
2018-06-09 20:00:00,0.0138034886,0
2018-06-09 21:00:00,0.0127153667,0
2018-06-09 22:00:00,0.0113591067,0
2018-06-09 23:00:00,0.017479619,0
2018-06-10 00:00:00,0.0180113129,0
2018-06-10 01:00:00,0.0160948,0
2018-06-10 02:00:00,0.014073581399999998,0
2018-06-10 03:00:00,0.01533471,0
2018-06-10 04:00:00,0.009532888,0
2018-06-10 05:00:00,0.0186915882,0
2018-06-10 06:00:00,0.020644512,0
2018-06-10 07:00:00,0.008517887,0
2018-06-10 08:00:00,0.009721322,0
2018-06-10 09:00:00,0.009515929000000001,0
2018-06-10 10:00:00,0.0155878467,0
2018-06-10 11:00:00,0.0164200943,0
2018-06-10 12:00:00,0.01747141,0
2018-06-10 13:00:00,0.0177641138,0
2018-06-10 14:00:00,0.01787752,0
2018-06-10 15:00:00,0.0154452575,0
2018-06-10 16:00:00,0.013706705500000001,0
2018-06-10 17:00:00,0.0141363284,0
2018-06-10 18:00:00,0.0143602248,0
2018-06-10 19:00:00,0.0165408812,0
2018-06-10 20:00:00,0.01523093,0
2018-06-10 21:00:00,0.01749534,0
2018-06-10 22:00:00,0.015128768,0
2018-06-10 23:00:00,0.0168955233,0
2018-06-11 00:00:00,0.0219541024,0
2018-06-11 01:00:00,0.0178637616,0
2018-06-11 02:00:00,0.0159815233,0
2018-06-11 03:00:00,0.014597418700000002,0
2018-06-11 04:00:00,0.013330102,0
2018-06-11 05:00:00,0.00801796,0
2018-06-11 06:00:00,0.013769363100000001,0
2018-06-11 07:00:00,0.014084506799999999,0
2018-06-11 08:00:00,0.004299226,0
2018-06-11 09:00:00,0.012788632,0
2018-06-11 10:00:00,0.0131360088,0
2018-06-11 11:00:00,0.015018645700000001,0
2018-06-11 12:00:00,0.0225398485,0
2018-06-11 13:00:00,0.0225870591,0
2018-06-11 14:00:00,0.0227105152,0
2018-06-11 15:00:00,0.0184270088,0
2018-06-11 16:00:00,0.0204742141,0
2018-06-11 17:00:00,0.018004911000000002,0
2018-06-11 18:00:00,0.0194603242,0
2018-06-11 19:00:00,0.019703757,0
2018-06-11 20:00:00,0.021269461099999998,0
2018-06-11 21:00:00,0.0207208674,0
2018-06-11 22:00:00,0.0250772126,0
2018-06-11 23:00:00,0.0198691748,0
2018-06-12 00:00:00,0.0165071972,0
2018-06-12 01:00:00,0.0185524747,0
2018-06-12 02:00:00,0.0167037863,0
2018-06-12 03:00:00,0.015912015,0
2018-06-12 04:00:00,0.01731419,0
2018-06-12 05:00:00,0.0177750532,0
2018-06-12 06:00:00,0.008775779000000001,0
2018-06-12 07:00:00,0.0205444265,0
2018-06-12 08:00:00,0.012787723899999999,0
2018-06-12 09:00:00,0.013421649099999999,0
2018-06-12 10:00:00,0.014713828500000001,0
2018-06-12 11:00:00,0.0129463468,0
2018-06-12 12:00:00,0.0167778656,0
2018-06-12 13:00:00,0.0197925586,0
2018-06-12 14:00:00,0.0190423522,0
2018-06-12 15:00:00,0.0156681072,0
2018-06-12 16:00:00,0.0187032167,0
2018-06-12 17:00:00,0.0187583528,0
2018-06-12 18:00:00,0.0177529752,0
2018-06-12 19:00:00,0.017589393999999998,0
2018-06-12 20:00:00,0.020998438799999998,0
2018-06-12 21:00:00,0.02008839,0
2018-06-12 22:00:00,0.017184265,0
2018-06-12 23:00:00,0.0169474818,0
2018-06-13 00:00:00,0.01480663,0
2018-06-13 01:00:00,0.01909745,0
2018-06-13 02:00:00,0.0145167578,0
2018-06-13 03:00:00,0.017021885100000002,0
2018-06-13 04:00:00,0.0143606113,0
2018-06-13 05:00:00,0.0124359913,0
2018-06-13 06:00:00,0.0117130307,0
2018-06-13 07:00:00,0.011111111399999998,0
2018-06-13 08:00:00,0.009375,0
2018-06-13 09:00:00,0.013729547199999999,0
2018-06-13 10:00:00,0.014189793700000002,0
2018-06-13 11:00:00,0.0144173168,0
2018-06-13 12:00:00,0.012650824199999999,0
2018-06-13 13:00:00,0.01958494,0
2018-06-13 14:00:00,0.0194705911,0
2018-06-13 15:00:00,0.015688803,0
2018-06-13 16:00:00,0.0162014365,0
2018-06-13 17:00:00,0.0154284276,0
2018-06-13 18:00:00,0.0178067349,0
2018-06-13 19:00:00,0.017815819,0
2018-06-13 20:00:00,0.017715571399999998,0
2018-06-13 21:00:00,0.0161770843,0
2018-06-13 22:00:00,0.014004253799999998,0
2018-06-13 23:00:00,0.0145218046,0
2018-06-14 00:00:00,0.0119086066,0
2018-06-14 01:00:00,0.0159781538,0
2018-06-14 02:00:00,0.0131493509,0
2018-06-14 03:00:00,0.0163092334,0
2018-06-14 04:00:00,0.010686720700000001,0
2018-06-14 05:00:00,0.0075609074,0
2018-06-14 06:00:00,0.011175898799999999,0
2018-06-14 07:00:00,0.0103260865,0
2018-06-14 08:00:00,0.0153132249,0
2018-06-14 09:00:00,0.01479955,0
2018-06-14 10:00:00,0.0125995846,0
2018-06-14 11:00:00,0.0149045177,0
2018-06-14 12:00:00,0.015540362299999999,0
2018-06-14 13:00:00,0.0188983753,0
2018-06-14 14:00:00,0.01785534,0
2018-06-14 15:00:00,0.0144521138,0
2018-06-14 16:00:00,0.0189744923,0
2018-06-14 17:00:00,0.0159296487,0
2018-06-14 18:00:00,0.0184760485,0
2018-06-14 19:00:00,0.0201712213,0
2018-06-14 20:00:00,0.01668616,0
2018-06-14 21:00:00,0.0166479331,0
2018-06-14 22:00:00,0.01588195,0
2018-06-14 23:00:00,0.01708901,0
2018-06-15 00:00:00,0.013567967299999999,0
2018-06-15 01:00:00,0.0222715773,0
2018-06-15 02:00:00,0.0132794976,0
2018-06-15 03:00:00,0.0120824445,0
2018-06-15 04:00:00,0.011502347,0
2018-06-15 05:00:00,0.01131942,0
2018-06-15 06:00:00,0.008939974,0
2018-06-15 07:00:00,0.0126791624,0
2018-06-15 08:00:00,0.013675213799999999,0
2018-06-15 09:00:00,0.0126177026,0
2018-06-15 10:00:00,0.012280386899999999,0
2018-06-15 11:00:00,0.0123439468,0
2018-06-15 12:00:00,0.0138641382,0
2018-06-15 13:00:00,0.01563649,0
2018-06-15 14:00:00,0.019550683,0
2018-06-15 15:00:00,0.0156817324,0
2018-06-15 16:00:00,0.0180362929,0
2018-06-15 17:00:00,0.0154719837,0
2018-06-15 18:00:00,0.0162115432,0
2018-06-15 19:00:00,0.015617986200000001,0
2018-06-15 20:00:00,0.015312945500000001,0
2018-06-15 21:00:00,0.01833145,0
2018-06-15 22:00:00,0.013777713300000001,0
2018-06-15 23:00:00,0.0133318072,0
2018-06-16 00:00:00,0.012858555700000001,0
2018-06-16 01:00:00,0.01450539,0
2018-06-16 02:00:00,0.011492994599999999,0
2018-06-16 03:00:00,0.014866852199999999,0
2018-06-16 04:00:00,0.00789596,0
2018-06-16 05:00:00,0.006198347,0
2018-06-16 06:00:00,0.012444001599999999,0
2018-06-16 07:00:00,0.017067004,0
2018-06-16 08:00:00,0.012614678600000002,0
2018-06-16 09:00:00,0.0154056828,0
2018-06-16 10:00:00,0.01235162,0
2018-06-16 11:00:00,0.0134964148,0
2018-06-16 12:00:00,0.0143893519,0
2018-06-16 13:00:00,0.0138976993,0
2018-06-16 14:00:00,0.012313258799999999,0
2018-06-16 15:00:00,0.0126757175,0
2018-06-16 16:00:00,0.0115570938,0
2018-06-16 17:00:00,0.010398724100000001,0
2018-06-16 18:00:00,0.0114934975,0
2018-06-16 19:00:00,0.010706018700000002,0
2018-06-16 20:00:00,0.013347921,0
2018-06-16 21:00:00,0.0139923953,0
2018-06-16 22:00:00,0.012787136200000002,0
2018-06-16 23:00:00,0.0132433577,0
2018-06-17 00:00:00,0.0131095964,0
2018-06-17 01:00:00,0.0147058824,0
2018-06-17 02:00:00,0.0170036145,0
2018-06-17 03:00:00,0.013725844199999998,0
2018-06-17 04:00:00,0.009526645,0
2018-06-17 05:00:00,0.0109090907,0
2018-06-17 06:00:00,0.007864489,0
2018-06-17 07:00:00,0.00647482,0
2018-06-17 08:00:00,0.01010101,0
2018-06-17 09:00:00,0.01216686,0
2018-06-17 10:00:00,0.0120101133,0
2018-06-17 11:00:00,0.0147410361,0
2018-06-17 12:00:00,0.0180305131,0
2018-06-17 13:00:00,0.01377063,0
2018-06-17 14:00:00,0.0166554339,0
2018-06-17 15:00:00,0.0112436451,0
2018-06-17 16:00:00,0.013404825700000001,0
2018-06-17 17:00:00,0.012896515400000001,0
2018-06-17 18:00:00,0.0145507939,0
2018-06-17 19:00:00,0.014236823700000002,0
2018-06-17 20:00:00,0.0129961092,0
2018-06-17 21:00:00,0.012576009099999999,0
2018-06-17 22:00:00,0.012315096299999998,0
2018-06-17 23:00:00,0.017635088400000002,0
2018-06-18 00:00:00,0.013961038600000001,0
2018-06-18 01:00:00,0.016538037,0
2018-06-18 02:00:00,0.0166666675,0
2018-06-18 03:00:00,0.0177489184,0
2018-06-18 04:00:00,0.0191649552,0
2018-06-18 05:00:00,0.01874099,0
2018-06-18 06:00:00,0.0050761420000000005,0
2018-06-18 07:00:00,0.0147991544,0
2018-06-18 08:00:00,0.0107637113,0
2018-06-18 09:00:00,0.01274671,0
2018-06-18 10:00:00,0.014080753500000001,0
2018-06-18 11:00:00,0.0168167446,0
2018-06-18 12:00:00,0.0161241256,0
2018-06-18 13:00:00,0.0175632648,0
2018-06-18 14:00:00,0.01869813,0
2018-06-18 15:00:00,0.0163701214,0
2018-06-18 16:00:00,0.018676131999999998,0
2018-06-18 17:00:00,0.01836631,0
2018-06-18 18:00:00,0.0177438129,0
2018-06-18 19:00:00,0.0166636109,0
2018-06-18 20:00:00,0.015279375,0
2018-06-18 21:00:00,0.015736466299999998,0
2018-06-18 22:00:00,0.0141299153,0
2018-06-18 23:00:00,0.014305573899999998,0
2018-06-19 00:00:00,0.0203593429,0
2018-06-19 01:00:00,0.017036186499999998,0
2018-06-19 02:00:00,0.01404157,0
2018-06-19 03:00:00,0.01254782,0
2018-06-19 04:00:00,0.011222248899999999,0
2018-06-19 05:00:00,0.0103420839,0
2018-06-19 06:00:00,0.009704026999999999,0
2018-06-19 07:00:00,0.0110071544,0
2018-06-19 08:00:00,0.0127337845,0
2018-06-19 09:00:00,0.0126606561,0
2018-06-19 10:00:00,0.01747055,0
2018-06-19 11:00:00,0.0135755483,0
2018-06-19 12:00:00,0.0138740474,0
2018-06-19 13:00:00,0.0162119418,0
2018-06-19 14:00:00,0.0109261805,0
2018-06-19 15:00:00,0.0152461939,0
2018-06-19 16:00:00,0.016186906,0
2018-06-19 17:00:00,0.015365025,0
2018-06-19 18:00:00,0.0171614252,0
2018-06-19 19:00:00,0.0189124476,0
2018-06-19 20:00:00,0.0166908279,0
2018-06-19 21:00:00,0.0205520913,0
2018-06-19 22:00:00,0.014309231200000001,0
2018-06-19 23:00:00,0.0151249152,0
2018-06-20 00:00:00,0.0139988763,0
2018-06-20 01:00:00,0.014667019199999999,0
2018-06-20 02:00:00,0.0140662594,0
2018-06-20 03:00:00,0.0168741811,0
2018-06-20 04:00:00,0.013965087,0
2018-06-20 05:00:00,0.0134091834,0
2018-06-20 06:00:00,0.009574468000000001,0
2018-06-20 07:00:00,0.009277344,0
2018-06-20 08:00:00,0.0157342665,0
2018-06-20 09:00:00,0.0125989923,0
2018-06-20 10:00:00,0.014121271699999998,0
2018-06-20 11:00:00,0.0117427278,0
2018-06-20 12:00:00,0.014380080600000001,0
2018-06-20 13:00:00,0.015362831799999999,0
2018-06-20 14:00:00,0.0177314449,0
2018-06-20 15:00:00,0.0163840819,0
2018-06-20 15:00:00,0.0163840819,0
2018-06-20 16:00:00,0.0168131441,0
2018-06-20 16:00:00,0.0168131441,0
2018-06-20 17:00:00,0.0150147071,0
2018-06-20 18:00:00,0.01596862,0
2018-06-20 19:00:00,0.01618106,0
2018-06-20 20:00:00,0.017275298,0
2018-06-20 21:00:00,0.0133546581,0
2018-06-20 22:00:00,0.0144763347,0
2018-06-20 23:00:00,0.016150606799999998,0
2018-06-21 00:00:00,0.0189599134,0
2018-06-21 01:00:00,0.015068116599999999,0
2018-06-21 01:00:00,0.015068116599999999,0
2018-06-21 02:00:00,0.01564587,0
2018-06-21 03:00:00,0.011103958799999999,0
2018-06-21 04:00:00,0.0128419874,0
2018-06-21 05:00:00,0.007014809,0
2018-06-21 06:00:00,0.012299465,0
2018-06-21 07:00:00,0.004,0
2018-06-21 07:00:00,0.004,0
2018-06-21 08:00:00,0.009668509,0
2018-06-21 09:00:00,0.010562771,0
2018-06-21 10:00:00,0.0152685549,0
2018-06-21 11:00:00,0.015034313300000001,0
2018-06-21 12:00:00,0.017959848,0
2018-06-21 13:00:00,0.01916019,0
2018-06-21 14:00:00,0.0175680947,0
2018-06-21 15:00:00,0.018899668,0
2018-06-21 16:00:00,0.014328273899999999,0
2018-06-21 17:00:00,0.0178134367,0
2018-06-21 18:00:00,0.0168133359,0
2018-06-21 19:00:00,0.0164238364,0
2018-06-21 20:00:00,0.019921612,0
2018-06-21 21:00:00,0.0175731368,0
2018-06-21 22:00:00,0.0290751923,0
2018-06-21 23:00:00,0.0295885075,0
2018-06-22 00:00:00,0.0304954723,0
2018-06-22 01:00:00,0.025768848100000002,0
2018-06-22 02:00:00,0.0167682935,0
2018-06-22 03:00:00,0.0169461612,0
2018-06-22 04:00:00,0.0160280485,0
2018-06-22 05:00:00,0.014764133799999999,0
2018-06-22 06:00:00,0.01191067,0
2018-06-22 07:00:00,0.010981911799999999,0
2018-06-22 08:00:00,0.011675126899999999,0
2018-06-22 09:00:00,0.009362868,0
2018-06-22 10:00:00,0.01345658,0
2018-06-22 11:00:00,0.0133810379,0
2018-06-22 12:00:00,0.018584704,0
2018-06-22 13:00:00,0.027617149100000002,0
2018-06-22 14:00:00,0.020609633999999998,0
2018-06-22 15:00:00,0.0158415344,0
2018-06-22 16:00:00,0.01582234,0
2018-06-22 17:00:00,0.0161463525,0
2018-06-22 18:00:00,0.01608009,0
2018-06-22 19:00:00,0.0172577128,0
2018-06-22 20:00:00,0.0177749489,0
2018-06-22 21:00:00,0.0157706644,0
2018-06-22 22:00:00,0.01488414,0
2018-06-22 23:00:00,0.0148535566,0
2018-06-23 00:00:00,0.015606802,0
2018-06-23 01:00:00,0.0135624707,0
2018-06-23 02:00:00,0.0128604835,0
2018-06-23 03:00:00,0.0247872733,0
2018-06-23 04:00:00,0.0171745159,0
2018-06-23 04:00:00,0.0171745159,0
2018-06-23 05:00:00,0.0217838064,0
2018-06-23 05:00:00,0.0217838064,0
2018-06-23 06:00:00,0.00952381,0
2018-06-23 07:00:00,0.005372733340000001,0
2018-06-23 08:00:00,0.0140023334,0
2018-06-23 09:00:00,0.0135409618,0
2018-06-23 10:00:00,0.0382307544,0
2018-06-23 11:00:00,0.03397881,0
2018-06-23 12:00:00,0.030840287,0
2018-06-23 13:00:00,0.018195197,0
2018-06-23 14:00:00,0.013808606200000002,0
2018-06-23 15:00:00,0.0139183942,0
2018-06-23 16:00:00,0.0150424587,0
2018-06-23 17:00:00,0.01204028,0
2018-06-23 18:00:00,0.013343340700000001,0
2018-06-23 19:00:00,0.016,0
2018-06-23 20:00:00,0.0124917813,0
2018-06-23 21:00:00,0.015395200800000002,0
2018-06-23 22:00:00,0.01575179,0
2018-06-23 23:00:00,0.01389954,0
2018-06-24 00:00:00,0.0197160877,0
2018-06-24 01:00:00,0.015371477199999999,0
2018-06-24 02:00:00,0.0138529455,0
2018-06-24 03:00:00,0.0181159414,0
2018-06-24 04:00:00,0.0138000669,1
2018-06-24 05:00:00,0.061795406,1
2018-06-24 06:00:00,0.042944785199999995,1
2018-06-24 07:00:00,0.0115651507,1
2018-06-24 08:00:00,0.0148619954,1
2018-06-24 09:00:00,0.0168797951,0
2018-06-24 10:00:00,0.0154390475,0
2018-06-24 11:00:00,0.0169846937,0
2018-06-24 12:00:00,0.0181545187,0
2018-06-24 13:00:00,0.0188186672,0
2018-06-24 14:00:00,0.0157102533,0
2018-06-24 15:00:00,0.0157457218,0
2018-06-24 16:00:00,0.0141290035,0
2018-06-24 17:00:00,0.012154888400000001,0
2018-06-24 18:00:00,0.0167870037,0
2018-06-24 19:00:00,0.015252283799999999,0
2018-06-24 20:00:00,0.015558585500000001,0
2018-06-24 21:00:00,0.0159129649,0
2018-06-24 22:00:00,0.0143671427,0
2018-06-24 23:00:00,0.014608338500000002,0
2018-06-25 00:00:00,0.01676228,0